Name,Responses,Invitations,Conversion_Rate
AcceptedCmp1,144,2237,6.43719266875279
AcceptedCmp2,30,2237,1.34108180599017
AcceptedCmp3,163,2237,7.28654447921323
AcceptedCmp4,167,2237,7.46535538667859
AcceptedCmp5,162,2237,7.24184175234689
